title,rating,review,price_range,categorie,adresse,statut,heureOuverture,imageUrl,services,description,siteweb,telephone
IPI Lyon - √âcole d'informatique,4.4,(22),Non d√©fini,√âcole d'informatique,7 Rue Jean-Marie Leclair. 69009 Lyon,Ouvert,18:00,https://lh5.googleusercontent.com/p/AF1QipNU3SebAquGVt5HAh1jiZ7HgaP9vMIv-EuMJAU=w408-h272-k-no,Non d√©fini,Non d√©fini,ipi-ecoles.com,0472857111
IPI Lyon - √âcole d'informatique,4.4,(22),Non d√©fini,√âcole d'informatique,7 Rue Jean-Marie Leclair. 69009 Lyon,Ouvert,18:00,https://lh5.googleusercontent.com/p/AF1QipNU3SebAquGVt5HAh1jiZ7HgaP9vMIv-EuMJAU=w408-h272-k-no,Non d√©fini,Non d√©fini,ipi-ecoles.com,0472857111
C3RB INFORMATIQUE - LYON,Non d√©fini,Non d√©fini,Non d√©fini,Entreprise de logiciels,3 Pl. Pierre Renaudel. 69003 Lyon,Ouvert,18:00,https://streetviewpixels-pa.googleapis.com/v1/thumbnail?panoid=WjV0EaL_yc5h0IpMhHNaHg&cb_client=search.gws-prod.gps&w=408&h=240&yaw=355.46823&pitch=0&thumbfov=100,Non d√©fini,Non d√©fini,Non d√©fini,0565479302
Novatim | Maintenance et Infog√©rance informatique | S√©curit√©. T√©l√©travail & Solutions Cloud,4.0,(9),Non d√©fini,Assistance et services informatiques,Immeuble l'Europe. 62 Rue de Bonnel. 69003 Lyon,Ouvert,18:00,https://streetviewpixels-pa.googleapis.com/v1/thumbnail?panoid=-MdnktLaE8GAxBv9M4NJpg&cb_client=search.gws-prod.gps&w=408&h=240&yaw=206.41982&pitch=0&thumbfov=100,Non d√©fini,Non d√©fini,novatim.com,0484314300
InfoGones,5.0,(2),Non d√©fini,Entreprise de logiciels,1 Pl. des Terreaux. 69001 Lyon,Non d√©fini,Non d√©fini,https://streetviewpixels-pa.googleapis.com/v1/thumbnail?panoid=Mh3HnFXWRSO50FB6vhmskA&cb_client=search.gws-prod.gps&w=408&h=240&yaw=272.48807&pitch=0&thumbfov=100,Non d√©fini,Non d√©fini,infogones.com,0481915340
Boot-Start,5.0,(3),Non d√©fini,Consultant informatique,96 Bd Marius Vivier Merle. 69003 Lyon,Ouvert,18:00,https://lh5.googleusercontent.com/p/AF1QipNWdpq20HfxL7iraAVH7up0Qlk6y1MKpVVFJMYQ=w408-h333-k-no,Non d√©fini,Non d√©fini,boot-start.com,0482535488
ACI INFORMATIQUE,Non d√©fini,Non d√©fini,Non d√©fini,Assistance et services informatiques,Tour Part-Dieu. 129 Rue Servient. 69003 Lyon,Non d√©fini,Non d√©fini,https://streetviewpixels-pa.googleapis.com/v1/thumbnail?panoid=AEUiChl7xEbajZP8Q75z1w&cb_client=search.gws-prod.gps&w=408&h=240&yaw=356.71564&pitch=0&thumbfov=100,Non d√©fini,Non d√©fini,aci-info.fr,0478257122
AM Consulting ‚Äì DSI temps partag√©. Audit syst√®me d'information. Gestion de projet informatique,Non d√©fini,Non d√©fini,Non d√©fini,Consultant informatique,25 Av. F√©lix Faure. 69003 Lyon,Ouvert,19:00,https://lh5.googleusercontent.com/p/AF1QipNdBa4JusfldvRPRBfN4LJta55jdQnzTlScBTiT=w1040-h240-k-no,Non d√©fini,Non d√©fini,anthonymabille.fr,0618803575
Cowigo,4.3,(3),Non d√©fini,Consultant informatique,73 Cr Albert Thomas. 69003 Lyon,Ouvert,20:00,https://streetviewpixels-pa.googleapis.com/v1/thumbnail?panoid=fyXQ288SXMRgo1IiBVTHKQ&cb_client=search.gws-prod.gps&w=408&h=240&yaw=107.06044&pitch=0&thumbfov=100,Non d√©fini,Non d√©fini,cowigo.fr,0465842270
ASTIAS INFORMATIQUE - LYON,4.9,(47),Non d√©fini,Assistance et services informatiques,135 Av. Lacassagne. 69003 Lyon,Non d√©fini,Non d√©fini,https://streetviewpixels-pa.googleapis.com/v1/thumbnail?panoid=GPWb25U8WLmdARHbZBLkDg&cb_client=search.gws-prod.gps&w=408&h=240&yaw=23.474102&pitch=0&thumbfov=100,Non d√©fini,Non d√©fini,astias.fr,0825590208
Exel Informatique SAS - Lyon,3.0,(2),Non d√©fini,Entreprise de logiciels,254 Rue Vend√¥me. 69003 Lyon,Non d√©fini,Non d√©fini,https://lh5.googleusercontent.com/p/AF1QipP7i4w-6ux6nWYqfS7a6PeqDUFoVi-GfvfAiQ12=w408-h271-k-no,Non d√©fini,Non d√©fini,exelinfo.fr,0478242052
Digitalisation Entreprise | Kronoscope Lyon,Non d√©fini,Non d√©fini,Non d√©fini,Entreprise de logiciels,69 Rue de Gerland. 69007 Lyon,Ouvert,20:00,https://lh5.googleusercontent.com/p/AF1QipNmKIA4ijewY20bkoFT1VcDKgMxSbn_w8z97rtU=w595-h240-k-no,Non d√©fini,Non d√©fini,kronoscope.fr,0983472747
Websitin. D√©pannage Informatique,5.0,(14),Non d√©fini,Assistance et services informatiques,Non d√©fini,Non d√©fini,Non d√©fini,https://lh5.googleusercontent.com/p/AF1QipN-q7QOL3KbS-SuwlFPblun-A26ylPmfVsK1g7i=w426-h240-k-no,Non d√©fini,Non d√©fini,websitin.fr,0609864779
ODISS Gestion de mat√©riel informatique,4.8,(38),Non d√©fini,Assistance et services informatiques,13 Cr Eug√©nie. 69003 Lyon,Ouvert,12:00,https://lh5.googleusercontent.com/p/AF1QipOzvnF19xxXGiIEP_QC3ntzo0cy35D6QDfrkyQI=w408-h544-k-no,Non d√©fini,Non d√©fini,odiss.fr,0426282282
it partner,4.3,(26),Non d√©fini,Consultant informatique,22 Rue Berjon. 69009 Lyon,Ouvert,12:30,https://lh5.googleusercontent.com/p/AF1QipPIRcilP4ckPFf9nUxWvo3SNctU0djyTBMWWE0f=w408-h305-k-no,Non d√©fini,Non d√©fini,itpartner.fr,0437642626
Acrio Software,Non d√©fini,Non d√©fini,Non d√©fini,Entreprise de logiciels,131-141 Rue Bataille. 69008 Lyon,Ouvert,17:30,https://streetviewpixels-pa.googleapis.com/v1/thumbnail?panoid=qMY57zRfU-fj-gv54qrNeA&cb_client=search.gws-prod.gps&w=408&h=240&yaw=230.72063&pitch=0&thumbfov=100,Non d√©fini,Non d√©fini,Non d√©fini,Non d√©fini
Microlys,4.7,(37),Non d√©fini,Service de r√©paration d'ordinateurs,C/0 David Bohn. 45b Rue Maryse Basti√©. 69008 Lyon,Ouvert,21:00,https://lh5.googleusercontent.com/p/AF1QipOgebQvhZmXjHCinXaLcZXiNNU89WjkUzRTI2G8=w960-h240-k-no,Non d√©fini,Non d√©fini,depannage-informatique-lyon.com,0672977257
Lyon Informatique,4.7,(52),Non d√©fini,Service de r√©paration d'ordinateurs,69 Gd Rue de la Guilloti√®re. 69007 Lyon,Non d√©fini,Non d√©fini,https://lh5.googleusercontent.com/p/AF1QipN1cf5igKryIhQ3jMRh4954uqU99Vulm32QQF0w=w408-h382-k-no,Non d√©fini,Non d√©fini,Non d√©fini,0478617004
AM INFORMATIQUE,Non d√©fini,Non d√©fini,Non d√©fini,Entreprise de logiciels,46 Av. Paul Santy. 69008 Lyon,Non d√©fini,Non d√©fini,https://streetviewpixels-pa.googleapis.com/v1/thumbnail?panoid=QuN6C4StSyfrOpiCAZ3Fpw&cb_client=search.gws-prod.gps&w=408&h=240&yaw=242.45628&pitch=0&thumbfov=100,Non d√©fini,Non d√©fini,am-informatique.com,0950709048
STEAMULO LYON,5.0,(1),Non d√©fini,Consultant informatique,15 Rue des Cuirassiers. 69003 Lyon,Non d√©fini,Non d√©fini,https://lh5.googleusercontent.com/p/AF1QipM1CCD4iVzfFrcmSA_nYl2BZdHdiDhGu3ZXR93s=w408-h306-k-no,Non d√©fini,Non d√©fini,steamulo.com,Non d√©fini
STALLION INFORMATIQUE,4.8,(15),Non d√©fini,Assistance et services informatiques,Espace Terre d'entreprises. 9 Rue Tronchet. 69006 Lyon,Non d√©fini,Non d√©fini,https://lh5.googleusercontent.com/p/AF1QipMGDpqa3H2N2sCfqzsjYCNs7Ta1obdRpOrP5ikX=w408-h303-k-no,Non d√©fini,Non d√©fini,stallion-informatique.com,0952042060
OPEN - Agence de Lyon,3.9,(13),Non d√©fini,Consultant,Immeuble ARC. 8 Cr Andr√© Philip. 69626 Villeurbanne,Non d√©fini,Non d√©fini,https://streetviewpixels-pa.googleapis.com/v1/thumbnail?panoid=hA5YLZThHQ8AfQsl_DRzlA&cb_client=search.gws-prod.gps&w=408&h=240&yaw=190.17097&pitch=0&thumbfov=100,Non d√©fini,Non d√©fini,open-groupe.com,0472522552
ADILTECH - R√©paration informatique √† domicile et d√©pannage ordinateur PC portable √† Lyon,4.9,(142),Non d√©fini,Service de r√©paration d'ordinateurs,Ouvert ‚ãÖ Ferme √† 19:30Voir plus d'horaires,Non d√©fini,Non d√©fini,https://lh5.googleusercontent.com/p/AF1QipMRDsCjbih_8JOYa-AGOGNqD2ybhkdOpHMw9piw=w408-h306-k-no,Non d√©fini,Non d√©fini,business.site,0652505041
Infocosme (ERP - GPAO - CRM),4.7,(6),Non d√©fini,Entreprise de logiciels,51 Rue Bellecombe. 69006 Lyon,Ouvert,12:30,https://lh5.googleusercontent.com/p/AF1QipNSNqrxwjP5EO45CiL8MVBNopXW4f4pptjBsqXa=w408-h272-k-no,Non d√©fini,Non d√©fini,infocosme.com,0437240123
S√©r√©nite Informatique,Non d√©fini,Non d√©fini,Non d√©fini,Service de r√©paration d'ordinateurs,2 Imp. Morel. 69003 Lyon,Non d√©fini,Non d√©fini,https://streetviewpixels-pa.googleapis.com/v1/thumbnail?panoid=Wl7LwLPJShruizlz9bRwwA&cb_client=search.gws-prod.gps&w=408&h=240&yaw=153.71881&pitch=0&thumbfov=100,Non d√©fini,Non d√©fini,Non d√©fini,0472689191
Business & Decision Lyon,4.5,(15),Non d√©fini,Consultant informatique,45 Quai Charles de Gaulle. 69006 Lyon,Non d√©fini,Non d√©fini,https://streetviewpixels-pa.googleapis.com/v1/thumbnail?panoid=Mo7goRJSTsiLwAydR5aTYQ&cb_client=search.gws-prod.gps&w=408&h=240&yaw=157.23416&pitch=0&thumbfov=100,Non d√©fini,Non d√©fini,businessdecision.fr,0437473240
Exalt Lyon,4.8,(11),Non d√©fini,Consultant informatique,4 Pl. Am√©d√©e Bonnet. 69002 Lyon,Ouvert,20:00,https://lh5.googleusercontent.com/p/AF1QipOb0HIY8KLwRF8lUDOcpAn2gpPw6OASAHXew89h=w408-h271-k-no,Non d√©fini,Non d√©fini,exalt-company.com,Non d√©fini
Hectys,Non d√©fini,Non d√©fini,Non d√©fini,Consultant informatique,19 Rue des Tuiliers. 69003 Lyon,Non d√©fini,Non d√©fini,https://streetviewpixels-pa.googleapis.com/v1/thumbnail?panoid=SCmX4--AjbQcvVGz6GnqXQ&cb_client=search.gws-prod.gps&w=408&h=240&yaw=138.59387&pitch=0&thumbfov=100,Non d√©fini,Non d√©fini,Non d√©fini,0472682297
DSI √† temps partag√© √† Lyon - Ezohiko,5.0,(3),Non d√©fini,Consultant informatique,36 Rue Chalopin. 69007 Lyon,Ouvert,12:00,https://lh5.googleusercontent.com/p/AF1QipNSJmVhULMy99lEvCJgEGwMlXbQxadPE96EMpZs=w427-h240-k-no,Non d√©fini,Non d√©fini,ezohiko.fr,0428298794
NOVODESK,3.0,(1),Non d√©fini,Magasin d'informatique,120 Av. Jean Jaur√®s. 69007 Lyon,Ouvert,12:00,https://streetviewpixels-pa.googleapis.com/v1/thumbnail?panoid=DdikC_0fAb1asnoZJ0PlrQ&cb_client=search.gws-prod.gps&w=408&h=240&yaw=329.3901&pitch=0&thumbfov=100,Non d√©fini,Non d√©fini,Non d√©fini,0974595542
Fiducial Informatique,3.8,(32),Non d√©fini,Entreprise de logiciels,30 Rue du Sergent Michel Berthet. 69009 Lyon,Ouvert,17:30,https://lh5.googleusercontent.com/p/AF1QipNWCnukI-HlvoF9iBlpg2low1jiv1OLhL3xab-Z=w408-h307-k-no,Non d√©fini,Non d√©fini,fiducial.fr,0437647100
Actinvision Lyon,Non d√©fini,Non d√©fini,Non d√©fini,Consultant informatique,92 Cr Lafayette. 69003 Lyon,Ouvert,18:00,https://streetviewpixels-pa.googleapis.com/v1/thumbnail?panoid=hkv0iHunB_0Sy5hbC4JFeA&cb_client=search.gws-prod.gps&w=408&h=240&yaw=194.28296&pitch=0&thumbfov=100,Non d√©fini,Non d√©fini,actinvision.com,0390204810
SVI - Sa√¥ne Valley Informatique,5.0,(3),Non d√©fini,Assistance et services informatiques,24 Ave. Joann√®s Masset B√¢t 3. 69009 Lyon,Ouvert,18:00,https://streetviewpixels-pa.googleapis.com/v1/thumbnail?panoid=cF05aPXFGFBdsqx5dw8djg&cb_client=search.gws-prod.gps&w=408&h=240&yaw=166.85663&pitch=0&thumbfov=100,Non d√©fini,Non d√©fini,svinfo.fr,0478227142
Accroclic,Non d√©fini,Non d√©fini,Non d√©fini,Assistance et services informatiques,18 Rue des Remparts d'Ainay. 69002 Lyon,Non d√©fini,Non d√©fini,https://streetviewpixels-pa.googleapis.com/v1/thumbnail?panoid=KCGzRzpNL4GVJUbuStO5vQ&cb_client=search.gws-prod.gps&w=408&h=240&yaw=163.4632&pitch=0&thumbfov=100,Non d√©fini,Non d√©fini,accroclic.com,0478903968
N-DATASAVE - D√©pannage informatique √† Lyon - R√©paration ordinateur PC MAC √† Lyon et √† distance,4.9,(529),Non d√©fini,Service de r√©paration d'ordinateurs,55 Bd des √âtats-Unis. 69008 Lyon,Ouvert,23:30,https://lh5.googleusercontent.com/p/AF1QipO-v12pW1NP7JZE5qyJZ5zpk5wXptSGFH7qznMz=w408-h310-k-no,Non d√©fini,Non d√©fini,n-datasave.com,0753539953
7 INFO,4.0,(1),Non d√©fini,Entreprise de logiciels,129 Rue Chaponnay. 69003 Lyon,Non d√©fini,Non d√©fini,https://streetviewpixels-pa.googleapis.com/v1/thumbnail?panoid=zhmOYR7vKGrTv73-jn_Zrg&cb_client=search.gws-prod.gps&w=408&h=240&yaw=279.54224&pitch=0&thumbfov=100,Non d√©fini,Non d√©fini,7info.fr,0478649720
Aktome - Gestion de parcs informatiques - Telecom & Informatique - www.aktome.fr,4.3,(32),Non d√©fini,Assistance et services informatiques,9 Rue Anna Marly. 69007 Lyon,Non d√©fini,Non d√©fini,https://lh5.googleusercontent.com/p/AF1QipOz-oFvMswJwaa3uT-Gg-jV8uufN6uZhPaXgnRL=w408-h306-k-no,Non d√©fini,Non d√©fini,aktome.fr,0472949942
H2I,4.3,(9),Non d√©fini,Entreprise de logiciels,5 Pl. Jules Ferry. 69006 Lyon,Ouvert,17:30,https://lh5.googleusercontent.com/p/AF1QipPMJHLDW_fMw3OpoWxe9cZqoHhS8Un0_b9Uhxg7=w408-h268-k-no,Non d√©fini,Non d√©fini,h2i.fr,0472682500
AIDE INFORMATIQUE LYON,4.9,(9),Non d√©fini,Assistance et services informatiques,42 Rue Bossuet. 69006 Lyon,Ouvert,20:00,https://streetviewpixels-pa.googleapis.com/v1/thumbnail?panoid=ahxC5l79ET7xJMFTslBlew&cb_client=search.gws-prod.gps&w=408&h=240&yaw=124.88279&pitch=0&thumbfov=100,Non d√©fini,Non d√©fini,aideinformatiquelyon.com,0769687290
DeciVision Lyon,5.0,(1),Non d√©fini,Consultant informatique,17 Rue Royale. 69001 Lyon,Ouvert,18:00,https://streetviewpixels-pa.googleapis.com/v1/thumbnail?panoid=lxRoGn3NfK6OWF0lyiUNFg&cb_client=search.gws-prod.gps&w=408&h=240&yaw=293.11795&pitch=0&thumbfov=100,Non d√©fini,Non d√©fini,decivision.com,0428297710
Zenika Lyon,4.6,(11),Non d√©fini,Si√®ge social,entr√©e secondaire avec interphone au 6. 5 Pl. Jules Ferry. 69006 Lyon,Ouvert,18:00,https://lh5.googleusercontent.com/p/AF1QipNAbmGot2Dp-_maaN9JnKaTt7cV94ASRXa2Mrn3=w408-h306-k-no,Non d√©fini,Non d√©fini,zenika.com,0481915400
Codiceo,5.0,(3),Non d√©fini,Entreprise de logiciels,289 Rue Garibaldi. 69007 Lyon,Ouvert,18:00,https://lh5.googleusercontent.com/p/AF1QipN6M_vq7hgWQnLl2LKqVCRCtXnV07zFIgEWQLBs=w408-h272-k-no,Non d√©fini,Non d√©fini,codiceo.fr,0478969335
Ecole informatique Lyon - Epitech,4.4,(78),Non d√©fini,√âcole d'informatique,2 Rue du Professeur Charles Appleton. 69007 Lyon,Ouvert,18:00,https://lh5.googleusercontent.com/p/AF1QipOzv11Gd3G-y3hsb8as-2idT2d_fnsmEkmWaYrJ=w426-h240-k-no,Non d√©fini,Non d√©fini,epitech.eu,0428293325
Soci√©t√© Prolixe,Non d√©fini,Non d√©fini,Non d√©fini,Assistance et services informatiques,46 Rue Raulin. 69007 Lyon,Ouvert,19:00,https://streetviewpixels-pa.googleapis.com/v1/thumbnail?panoid=8EzNeZRiLgnD7rxdHbdvAA&cb_client=search.gws-prod.gps&w=408&h=240&yaw=255.82753&pitch=0&thumbfov=100,Non d√©fini,Non d√©fini,independants.fr,0478582925
INGETIC,4.1,(23),Non d√©fini,Consultant informatique,46 Rue d'Inkermann. 69006 Lyon,Ouvert,12:30,https://streetviewpixels-pa.googleapis.com/v1/thumbnail?panoid=5iG1aDC0zHM9ZW1w337myA&cb_client=search.gws-prod.gps&w=408&h=240&yaw=273.31635&pitch=0&thumbfov=100,Non d√©fini,Non d√©fini,ingetic.fr,0428290099
ITCT Web Cr√©ation Lyon,5.0,(1),Non d√©fini,Assistance et services informatiques,33 Rue de la R√©publique. 69002 Lyon,Ouvert,18:00,https://streetviewpixels-pa.googleapis.com/v1/thumbnail?panoid=EduCsAwkoJOILrdepZhzeA&cb_client=search.gws-prod.gps&w=408&h=240&yaw=75.83763&pitch=0&thumbfov=100,Non d√©fini,Non d√©fini,Non d√©fini,0771581542
Programmation Macro Excel | MakroXL Software,5.0,(2),Non d√©fini,Entreprise de logiciels,69 Rue de Gerland. 69007 Lyon,Ouvert,20:00,https://lh5.googleusercontent.com/p/AF1QipNMsHfX2KsWa9GL7rAXGwH72isom88Q0sTXeCqg=w426-h240-k-no,Non d√©fini,Non d√©fini,programmation-formation-vba.com,0983472747
QESTIT Sud-Est,4.5,(2),Non d√©fini,Consultant informatique,213 Rue de Gerland B√¢timent C. 69007 Lyon,Ouvert,18:00,https://streetviewpixels-pa.googleapis.com/v1/thumbnail?panoid=MTihLLNDmKZjVpOcp5cnuw&cb_client=search.gws-prod.gps&w=408&h=240&yaw=99.21709&pitch=0&thumbfov=100,Non d√©fini,Non d√©fini,qestit.fr,0763483781
Prestataire informatique lyon,Non d√©fini,Non d√©fini,Non d√©fini,Assistance et services informatiques,cm-data.fr,Non d√©fini,Non d√©fini,https://lh5.googleusercontent.com/p/AF1QipNshCqRMniNn0187tkTQAG_f9128Hzr7KtAf97o=w426-h240-k-no,Non d√©fini,Non d√©fini,cm-data.fr,0426785151
Microlys.com,4.9,(47),Non d√©fini,Service de r√©paration d'ordinateurs,320 Av. Berthelot. 69008 Lyon,Ouvert,18:00,https://lh5.googleusercontent.com/p/AF1QipMt09aP4MmYIPU3nXRuRJcGlgfMaFhLIa9RfExc=w960-h240-k-no,Non d√©fini,Non d√©fini,depannage-informatique-lyon.com,0672977257
CAUDIT,Non d√©fini,Non d√©fini,Non d√©fini,Consultant informatique,15 Rue des Cuirassiers. 69003 Lyon,Ouvert,18:00,https://streetviewpixels-pa.googleapis.com/v1/thumbnail?panoid=Lkoi8VyrW0cRm9FCo3qJwA&cb_client=search.gws-prod.gps&w=408&h=240&yaw=171.1291&pitch=0&thumbfov=100,Non d√©fini,Non d√©fini,caudit.fr,0665089211
XEFI Lyon 6,4.5,(87),Non d√©fini,Assistance et services informatiques,108 Rue Vend√¥me. 69006 Lyon,Ouvert,19:00,https://lh5.googleusercontent.com/p/AF1QipOVbCO8urz9s3NtARq08jqeC9uKW_GRDSrg4Qpw=w408-h272-k-no,Non d√©fini,Non d√©fini,agences.xefi.com,0427859000
RMSI,5.0,(2),Non d√©fini,Entreprise de logiciels,110 Av. Barth√©l√©my Buyer. 69009 Lyon,Ouvert,18:00,https://streetviewpixels-pa.googleapis.com/v1/thumbnail?panoid=_vuZ0TDbvopZ_n0nFwpdhQ&cb_client=search.gws-prod.gps&w=408&h=240&yaw=65.0543&pitch=0&thumbfov=100,Non d√©fini,Non d√©fini,rmsi.info,0607791424
OPTIMEGE INFORMATIQUE,5.0,(1),Non d√©fini,Consultant informatique,31 Rue de l'Abb√©-Boisard. 69003 Lyon,Non d√©fini,Non d√©fini,https://streetviewpixels-pa.googleapis.com/v1/thumbnail?panoid=LLUwEjzQkAFP16pdlmNY1Q&cb_client=search.gws-prod.gps&w=408&h=240&yaw=304.4753&pitch=0&thumbfov=100,Non d√©fini,Non d√©fini,Non d√©fini,0667254017
Libert√© Informatique,3.0,(1),Non d√©fini,Service de r√©paration d'ordinateurs,11 Rue Duphot. 69003 Lyon,Ouvert,19:00,https://streetviewpixels-pa.googleapis.com/v1/thumbnail?panoid=Au3xT9XgbOZOvyZpsHK6rw&cb_client=search.gws-prod.gps&w=408&h=240&yaw=109.889465&pitch=0&thumbfov=100,Non d√©fini,Non d√©fini,Non d√©fini,0664924187
Dtek Esn,5.0,(5),Non d√©fini,Consultant informatique,74 T Rue Pierre Delore. 69008 Lyon,Ouvert 24h/24,Non d√©fini,https://streetviewpixels-pa.googleapis.com/v1/thumbnail?panoid=WUxW4m6u-WsctoaxPGQOUA&cb_client=search.gws-prod.gps&w=408&h=240&yaw=230.30464&pitch=0&thumbfov=100,Non d√©fini,Non d√©fini,dtek.fr,0632945352
Next Decision Lyon,5.0,(16),Non d√©fini,Consultant informatique,9 Quai Jean Moulin. 69001 Lyon,Ouvert,18:00,https://lh5.googleusercontent.com/p/AF1QipPN5gk05CIBrYTZzYWlaJ_NOLvUfZd8V2KghJi0=w408-h306-k-no,Non d√©fini,Non d√©fini,next-decision.fr,0234093170
C2iP Lyon,Non d√©fini,Non d√©fini,Non d√©fini,Assistance et services informatiques,24 Ave. Joann√®s Masset Batiment 5. 69009 Lyon,Non d√©fini,Non d√©fini,https://streetviewpixels-pa.googleapis.com/v1/thumbnail?panoid=CM2hG7F4xuVfLtmGc_ZDgQ&cb_client=search.gws-prod.gps&w=408&h=240&yaw=297.79&pitch=0&thumbfov=100,Non d√©fini,Non d√©fini,c2ip.fr,0811700029
AIDE MULTIMEDIA,5.0,(1),Non d√©fini,Service de r√©paration d'ordinateurs,16 Rue Godefroy. 69006 Lyon,Ouvert,19:00,https://streetviewpixels-pa.googleapis.com/v1/thumbnail?panoid=ZM1C-_ao5nhbrEGWzNF8vQ&cb_client=search.gws-prod.gps&w=408&h=240&yaw=283.0995&pitch=0&thumbfov=100,Non d√©fini,Non d√©fini,aidemultimedia.com,0478896653
Abraxio. la plateforme de r√©f√©rence des DSI,Non d√©fini,Non d√©fini,Non d√©fini,Entreprise de logiciels,90 Cr Lafayette. 69003 Lyon,Ouvert,19:00,https://lh5.googleusercontent.com/p/AF1QipNgirIDmQRwmaCsTT4k1xk4Ht0Y-CLrzWogFQuW=w408-h271-k-no,Non d√©fini,Non d√©fini,abraxio.com,0972465701
TOOLYNK - Agence Web et Mobile - Angular. React Native. Php. Symfony. JS,4.3,(6),Non d√©fini,Concepteur de sites¬†Web,66 Rue Crillon. 69006 Lyon,Ouvert,17:00,https://streetviewpixels-pa.googleapis.com/v1/thumbnail?panoid=R7jdwhHVt_a7952XhHgTCA&cb_client=search.gws-prod.gps&w=408&h=240&yaw=258.4754&pitch=0&thumbfov=100,Non d√©fini,Non d√©fini,toolynk.com,0972528342
DataIPA LYON - D√©veloppement Informatique | Transformation Digitale | Solutions Cloud,5.0,(2),Non d√©fini,Consultant informatique,21 Rue Juliette R√©camier. 69006 Lyon,Ouvert,19:00,https://streetviewpixels-pa.googleapis.com/v1/thumbnail?panoid=_68SIL1ssFxAhfW9-zVwQA&cb_client=search.gws-prod.gps&w=408&h=240&yaw=315&pitch=0&thumbfov=100,Non d√©fini,Non d√©fini,dataipa.com,0428294605
DataIPA LYON - D√©veloppement Informatique | Transformation Digitale | Solutions Cloud,5.0,(2),Non d√©fini,Consultant informatique,21 Rue Juliette R√©camier. 69006 Lyon,Ouvert,19:00,https://streetviewpixels-pa.googleapis.com/v1/thumbnail?panoid=_68SIL1ssFxAhfW9-zVwQA&cb_client=search.gws-prod.gps&w=408&h=240&yaw=315&pitch=0&thumbfov=100,Non d√©fini,Non d√©fini,dataipa.com,0428294605
TOOLYNK - Agence Web et Mobile - Angular. React Native. Php. Symfony. JS,4.3,(6),Non d√©fini,Concepteur de sites¬†Web,66 Rue Crillon. 69006 Lyon,Ouvert,17:00,https://streetviewpixels-pa.googleapis.com/v1/thumbnail?panoid=R7jdwhHVt_a7952XhHgTCA&cb_client=search.gws-prod.gps&w=408&h=240&yaw=258.4754&pitch=0&thumbfov=100,Non d√©fini,Non d√©fini,toolynk.com,0972528342
Microlys.com,Non d√©fini,Non d√©fini,Non d√©fini,Assistance et services informatiques,G2C Centre d'affaires. 63 Rue Andr√© Bollier. 69007 Lyon,Ouvert,21:00,https://lh5.googleusercontent.com/p/AF1QipMn10zI3ZtcmkZSwlTJOjSbJ83SOXeXtJAr1ONC=w960-h240-k-no,Non d√©fini,Non d√©fini,depannage-informatique-lyon.com,0672977257
D√©pannage / Maintenance informatique Lyon - Particuliers et Professionnels,4.0,(1),Non d√©fini,Assistance et services informatiques,Non d√©fini,Non d√©fini,Non d√©fini,//maps.gstatic.com/tactile/pane/default_geocode-2x.png,Non d√©fini,Non d√©fini,Non d√©fini,0662454051
Informatique 69 Lyon,5.0,(4),Non d√©fini,Service de r√©paration d'ordinateurs,8 Rue Andr√© Bollier. 69007 Lyon,Ouvert,19:30,https://lh5.googleusercontent.com/p/AF1QipPh0AaAbmMahtfcdn0eEA4RC2oyut9vg8sjI2An=w408-h306-k-no,Non d√©fini,Non d√©fini,informatique69.fr,0448160125
üë®‚Äçüíª CG Depan Informatique - aide informatique. formation. communication digitale et e-reputation,4.9,(53),Non d√©fini,Assistance et services informatiques,Rue Jeanne Hachette. 69003 Lyon,Non d√©fini,Non d√©fini,https://lh5.googleusercontent.com/p/AF1QipNPkSMbNNCr7YsNOANnfUXCmvxQcr05a8sKdEzF=w408-h341-k-no,Non d√©fini,Non d√©fini,cgdepan.fr,0671483805
TECH'advantage Lyon,Non d√©fini,Non d√©fini,Non d√©fini,Consultant informatique,24B Rue Jean Baldassini. 69007 Lyon,Non d√©fini,Non d√©fini,https://streetviewpixels-pa.googleapis.com/v1/thumbnail?panoid=DY9_IF6ZxbTzFnJSpAMm0A&cb_client=search.gws-prod.gps&w=408&h=240&yaw=208.66328&pitch=0&thumbfov=100,Non d√©fini,Non d√©fini,tech-advantage.com,Non d√©fini
NetSyst,5.0,(1),Non d√©fini,Consultant informatique,10 Bd Marius Vivier Merle. 69003 Lyon,Non d√©fini,Non d√©fini,https://streetviewpixels-pa.googleapis.com/v1/thumbnail?panoid=9wDBfaTXw2HA_6OlqcHrZw&cb_client=search.gws-prod.gps&w=408&h=240&yaw=269.52203&pitch=0&thumbfov=100,Non d√©fini,Non d√©fini,netsyst.fr,0428390000
Syleos Informatique,Non d√©fini,Non d√©fini,Non d√©fini,Magasin d'informatique,8 Rue Pouteau. 69001 Lyon,Ouvert,13:00,https://streetviewpixels-pa.googleapis.com/v1/thumbnail?panoid=yv_A4q1f9ZLsAm0AvI0f-w&cb_client=search.gws-prod.gps&w=408&h=240&yaw=252.86366&pitch=0&thumbfov=100,Achats en magasin,Non d√©fini,Non d√©fini,0761166142
Clever Age Lyon,4.9,(12),Non d√©fini,Consultant informatique,16 Rue Duguesclin. 69006 Lyon,Non d√©fini,Non d√©fini,https://streetviewpixels-pa.googleapis.com/v1/thumbnail?panoid=OSgyMjTU04J5IkGEqi1V_Q&cb_client=search.gws-prod.gps&w=408&h=240&yaw=354.82654&pitch=0&thumbfov=100,Non d√©fini,Non d√©fini,clever-age.com,0478894645
RIOTWARE,Non d√©fini,Non d√©fini,Non d√©fini,Magasin d'informatique,46 Rue de la R√©publique. 69150 Lyon,Ouvert,13:00,https://streetviewpixels-pa.googleapis.com/v1/thumbnail?panoid=Xv2FiP5VCHfQ9p0oVbeU6Q&cb_client=search.gws-prod.gps&w=408&h=240&yaw=25.938961&pitch=0&thumbfov=100,Achats en magasin,Non d√©fini,Non d√©fini,0691503324
Alteca. si√®ge social,3.9,(14),Non d√©fini,Consultant informatique,88 Boulevard des Belges. 69006 Lyon,Ouvert,18:30,https://lh5.googleusercontent.com/p/AF1QipMyrKgp0pFQ9h4tY1C8TSKfATERUPjvkDKBUhbJ=w408-h544-k-no,Non d√©fini,Non d√©fini,alteca.fr,0472697272
Cours informatique Lyon. cours ordinateur. pc. internet. cybersecurite. creation site internet. cours referencement Google,Non d√©fini,Non d√©fini,Non d√©fini,Assistance et services informatiques,Non d√©fini,Non d√©fini,Non d√©fini,https://lh5.googleusercontent.com/p/AF1QipMAC75MV1OuvcPkGgigxXaYj6ooJkMoe2rqDBwr=w455-h240-k-no,Non d√©fini,Non d√©fini,site--internet.com,0758025263
Robin Coblentz PRO Informatique,5.0,(9),Non d√©fini,Magasin d'informatique,6 Rue Bouteille. 69001 Lyon,Ouvert,20:00,https://lh5.googleusercontent.com/p/AF1QipMPHkLjYq1Qe46Fqo3R178-nsGrYTSnu_Ire8nb=w426-h240-k-no,Achats en magasin,Non d√©fini,link.robin-coblentz.pro,0780962833
Et Voil√† √áa Marche,4.9,(12),Non d√©fini,Assistance et services informatiques,After h'all. 36 Quai Fulchiron. 69005 Lyon,Ouvert,19:30,https://lh5.googleusercontent.com/p/AF1QipO16pIH8OGMstEnm0Z6mQ19eaIYAhiT4CjXWPs3=w408-h247-k-no,Non d√©fini,Non d√©fini,Non d√©fini,0974595721
Skyloud,5.0,(23),Non d√©fini,Consultant informatique,3 Pl. Giovanni da Verrazzano. 69009 Lyon,Ouvert,18:00,https://streetviewpixels-pa.googleapis.com/v1/thumbnail?panoid=WhBmLf6Zpx-T1Ms4Dd82Mw&cb_client=search.gws-prod.gps&w=408&h=240&yaw=174.54706&pitch=0&thumbfov=100,Non d√©fini,Non d√©fini,skyloud.fr,0972592012
Sofft Industries,Non d√©fini,Non d√©fini,Non d√©fini,Consultant informatique,29 Bis Rue de Montribloud. 69009 Lyon,Ouvert,18:00,https://streetviewpixels-pa.googleapis.com/v1/thumbnail?panoid=2zIdjAQLYpyWbbl2xf0IYQ&cb_client=search.gws-prod.gps&w=408&h=240&yaw=173.89738&pitch=0&thumbfov=100,Non d√©fini,Non d√©fini,Non d√©fini,0478475018
Alcyor,5.0,(7),Non d√©fini,Consultant informatique,53 Rue Pr√©sident Kr√ºger. 69008 Lyon,Ouvert,19:00,https://streetviewpixels-pa.googleapis.com/v1/thumbnail?panoid=96f6p9UmCWaMIG1NUSc63w&cb_client=search.gws-prod.gps&w=408&h=240&yaw=96.37533&pitch=0&thumbfov=100,Non d√©fini,Non d√©fini,alcyor.fr,0472720500
Augusta Reeves Lyon Distributeur Int√©grateur SAP,Non d√©fini,Non d√©fini,Non d√©fini,Consultant informatique,57 Rue du Pr√©sident √âdouard Herriot. 69002 Lyon,Ouvert,18:00,https://lh5.googleusercontent.com/p/AF1QipN4XuzAUpoi5UPzGrbSPBuvX3wb36ZUKhl_KIM9=w960-h240-k-no,Non d√©fini,Non d√©fini,augustareeves.fr,0481062230
Lee informatique,3.0,(2),Non d√©fini,Assistance et services informatiques,28 Rue Santos Dumont. 69008 Lyon,Ouvert,21:00,https://streetviewpixels-pa.googleapis.com/v1/thumbnail?panoid=l-pR8X9WECrCCcsNg9JMGA&cb_client=search.gws-prod.gps&w=408&h=240&yaw=109.8423&pitch=0&thumbfov=100,Non d√©fini,Non d√©fini,Non d√©fini,0659566099
Cube43,5.0,(3),Non d√©fini,Entreprise de logiciels,All√©e B. 33 Rue de la R√©publique. 69002 Lyon,Ouvert,18:00,https://lh5.googleusercontent.com/p/AF1QipOXU8Npf-kZ46r4QBwEdXYJigJS2EszsFA0KIs=w434-h240-k-no,Non d√©fini,Non d√©fini,cube43.fr,0682109862
Vincent Felsch Maintenance informatique,5.0,(16),Non d√©fini,Assistance et services informatiques,Non d√©fini,Non d√©fini,Non d√©fini,https://lh5.googleusercontent.com/p/AF1QipPtIhS1GHvjPIKY5uotvHTBmd8XQ3cPP0TdsVLE=w408-h272-k-no,Non d√©fini,Non d√©fini,avfmi.com,0643686081
IPNEOS Lyon,4.3,(6),Non d√©fini,Assistance et services informatiques,12 Rue de Belfort. 69004 Lyon,Ouvert,12:00,https://lh5.googleusercontent.com/p/AF1QipM4Auhw8UktD1qlgAPaoBMy6hd6ssM3yp5v2uI9=w426-h240-k-no,Non d√©fini,Non d√©fini,ipneos.com,0987660000
Aessentia,4.7,(3),Non d√©fini,Assistance et services informatiques,26 Rue du G√©n√©ral Mouton-Duvernet. 69003 Lyon,Ouvert,18:00,https://streetviewpixels-pa.googleapis.com/v1/thumbnail?panoid=HtReSQHVk1cOG5FmZzXkBA&cb_client=search.gws-prod.gps&w=408&h=240&yaw=284.15445&pitch=0&thumbfov=100,Non d√©fini,Non d√©fini,aessentia.com,0437568190
LCDI D√©pannage Informatique √† domicile,5.0,(21),Non d√©fini,Service de r√©paration d'ordinateurs,5 Rue Octavio Mey. 69005 Lyon,Ouvert,20:00,https://lh5.googleusercontent.com/p/AF1QipOng-lhkrlfDGIP_qP7yipO-XeO7qhErFyObwyz=w408-h860-k-no,Non d√©fini,Non d√©fini,lcdi-lyon.com,0642175180
Alteca. agence de Lyon,3.7,(3),Non d√©fini,Consultant informatique,123 Bd de Stalingrad. 69100 Villeurbanne,Non d√©fini,Non d√©fini,https://lh5.googleusercontent.com/p/AF1QipM0gOfUyFc12DEH5wUrwwOcDvi-r8qhun4qXnc=w408-h306-k-no,Non d√©fini,Non d√©fini,alteca.fr,0478131300
Lincoln,5.0,(6),Non d√©fini,Consultant informatique,51 Rue des Docks. 69009 Lyon,Ouvert 24h/24,Non d√©fini,https://streetviewpixels-pa.googleapis.com/v1/thumbnail?panoid=3-OLV5bVWprMFOvsoqS8pg&cb_client=search.gws-prod.gps&w=408&h=240&yaw=299.6588&pitch=0&thumbfov=100,Non d√©fini,Non d√©fini,lincoln.fr,0763216776
Atol Conseils et D√©veloppements Lyon,Non d√©fini,Non d√©fini,Non d√©fini,Entreprise de logiciels,136 Cr Lafayette. 69006 Lyon,Ouvert,17:00,https://streetviewpixels-pa.googleapis.com/v1/thumbnail?panoid=1jm7Ad3iDPxmKDd201N09w&cb_client=search.gws-prod.gps&w=408&h=240&yaw=253.10783&pitch=0&thumbfov=100,Non d√©fini,Non d√©fini,atolcd.com,0380688168
ALLOPC69,3.5,(8),Non d√©fini,Magasin d'informatique,330 Rue Andr√© Philip. 69003 Lyon,Ouvert,18:30,https://lh5.googleusercontent.com/p/AF1QipMxR0aJZGhl7RXr0gKQjraDx82vR8ObU-OKg5tT=w408-h412-k-no,Achats en magasin,Non d√©fini,allopc69.fr,0972846325
DOM'INFO,Non d√©fini,Non d√©fini,Non d√©fini,Assistance et services informatiques,Non d√©fini,Non d√©fini,Non d√©fini,https://lh5.googleusercontent.com/p/AF1QipM55KjxXUlNZ5IPpUwvIG6jRF3bfcN-BsE8CYL1=w408-h272-k-no,Non d√©fini,Non d√©fini,dominfolyon.fr,0615731058
Id√©alSysteme : Infog√©rance informatique √† Lyon,5.0,(2),Non d√©fini,Assistance et services informatiques,21 Cr d'Herbouville. 69004 Lyon,Ouvert,12:00,https://lh5.googleusercontent.com/p/AF1QipNzAR-i7D8G8k7G-rp74F8t2gUQZHE3v5NE02-S=w408-h272-k-no,Non d√©fini,Non d√©fini,idealsysteme.com,0478421111
Technical Storage,Non d√©fini,Non d√©fini,Non d√©fini,Consultant informatique,Tour Part-Dieu. 129 Rue Servient. 69003 Lyon,Ouvert,20:00,https://streetviewpixels-pa.googleapis.com/v1/thumbnail?panoid=AEUiChl7xEbajZP8Q75z1w&cb_client=search.gws-prod.gps&w=408&h=240&yaw=357.77158&pitch=0&thumbfov=100,Non d√©fini,Non d√©fini,technical-storage.com,0472535953
AXPROO SAS,4.3,(18),Non d√©fini,Assistance et services informatiques,4 Rue de la R√©publique. 69001 Lyon,Ouvert,20:00,https://streetviewpixels-pa.googleapis.com/v1/thumbnail?panoid=cVBNdaPvrcu6Ivkix06X_Q&cb_client=search.gws-prod.gps&w=408&h=240&yaw=288.0624&pitch=0&thumbfov=100,Non d√©fini,Non d√©fini,axproo.fr,0970150169
AXPROO SAS,4.3,(18),Non d√©fini,Assistance et services informatiques,4 Rue de la R√©publique. 69001 Lyon,Ouvert,20:00,https://streetviewpixels-pa.googleapis.com/v1/thumbnail?panoid=cVBNdaPvrcu6Ivkix06X_Q&cb_client=search.gws-prod.gps&w=408&h=240&yaw=288.0624&pitch=0&thumbfov=100,Non d√©fini,Non d√©fini,axproo.fr,0970150169
Mon Assistant Num√©rique Lyon,5.0,(5),Non d√©fini,Assistance et services informatiques,7 Pass. Feuillat. 69003 Lyon,Ouvert,20:00,https://lh5.googleusercontent.com/p/AF1QipPEE2mV6xyupfS4qDHUd1muX6Qad3IJYUFwRV6X=w408-h260-k-no,Non d√©fini,Non d√©fini,lyon.monassistantnumerique.com,0428296493
PCM Solution - D√©pannage informatique - Service informatique - Assistance informatique,5.0,(5),Non d√©fini,Assistance et services informatiques,5 Rue de Nuits. 69004 Lyon,Ouvert,19:00,https://streetviewpixels-pa.googleapis.com/v1/thumbnail?panoid=VIghVUFJwbJc1P9PnSb_qw&cb_client=search.gws-prod.gps&w=408&h=240&yaw=40.709343&pitch=0&thumbfov=100,Non d√©fini,Non d√©fini,pcmsolution.fr,0698975130
Maintenance informatique,Non d√©fini,Non d√©fini,Non d√©fini,Magasin d'√©lectronique,20 Rue Roux Soignat. 69003 Lyon,Ferm√©,14:30,https://streetviewpixels-pa.googleapis.com/v1/thumbnail?panoid=uLITFKXXAACtpcq6l0NzcQ&cb_client=search.gws-prod.gps&w=408&h=240&yaw=270.85184&pitch=0&thumbfov=100,Achats en magasin,Non d√©fini,Non d√©fini,Non d√©fini
Wikit,5.0,(1),Non d√©fini,Entreprise de logiciels,41 Quai Fulchiron. 69005 Lyon,Non d√©fini,Non d√©fini,https://streetviewpixels-pa.googleapis.com/v1/thumbnail?panoid=o4M56SxEvQwFKJlkrmpOow&cb_client=search.gws-prod.gps&w=408&h=240&yaw=301.00122&pitch=0&thumbfov=100,Non d√©fini,Non d√©fini,wikit.ai,0428891022
Av√©is,Non d√©fini,Non d√©fini,Non d√©fini,Entreprise de logiciels,41 Rue du Lac. 69003 Lyon,Non d√©fini,Non d√©fini,https://streetviewpixels-pa.googleapis.com/v1/thumbnail?panoid=7oy3VQ7crk9Tn3GomNWo6Q&cb_client=search.gws-prod.gps&w=408&h=240&yaw=50.043266&pitch=0&thumbfov=100,Non d√©fini,Non d√©fini,aveis.net,0970408775
TooSmart,Non d√©fini,Non d√©fini,Non d√©fini,Entreprise de logiciels,33 Rue Paul Duvivier. 69007 Lyon,Ouvert,18:00,https://streetviewpixels-pa.googleapis.com/v1/thumbnail?panoid=tB7lv_BGN2iVBXoQcJSHCw&cb_client=search.gws-prod.gps&w=408&h=240&yaw=61.93136&pitch=0&thumbfov=100,Non d√©fini,Non d√©fini,toosmart.io,0673377450
Code Inc.,Non d√©fini,Non d√©fini,Non d√©fini,Entreprise de logiciels,18 Av. F√©lix Faure. 69007 Lyon,Ouvert,18:00,https://lh5.googleusercontent.com/p/AF1QipPkgEO6e2G_rAgkiQBbgjgx63SToPjrVeS9XHzG=w408-h258-k-no,Non d√©fini,Non d√©fini,codeinc.co,Non d√©fini
OOLITE,Non d√©fini,Non d√©fini,Non d√©fini,Entreprise de logiciels,11 Rue Chavanne. 69001 Lyon,Ouvert,19:00,https://streetviewpixels-pa.googleapis.com/v1/thumbnail?panoid=3VJbN4cfny8I9vgarHJilg&cb_client=search.gws-prod.gps&w=408&h=240&yaw=43.26617&pitch=0&thumbfov=100,Non d√©fini,Non d√©fini,oolite.fr,0678090947
fulll,4.8,(16),Non d√©fini,Entreprise de logiciels,14 Rue Rhin et Danube. 69009 Lyon,Ouvert,18:00,https://lh5.googleusercontent.com/p/AF1QipOS2JlN7TNIIrd205KssrxuYQ_pEH_QuslxGWpJ=w408-h324-k-no,Non d√©fini,Non d√©fini,fulll.fr,0481920300
Alinto,4.8,(5),Non d√©fini,Entreprise de logiciels,19 Quai Perrache. 69002 Lyon,Ouvert,18:00,https://streetviewpixels-pa.googleapis.com/v1/thumbnail?panoid=rHAT-m4MSGIhsP-W1bWGyQ&cb_client=search.gws-prod.gps&w=408&h=240&yaw=332.0245&pitch=0&thumbfov=100,Non d√©fini,Non d√©fini,alinto.com,0481090110
MSC Informatique,Non d√©fini,Non d√©fini,Non d√©fini,Service de r√©paration d'ordinateurs,6 Rue Pierre Termier. 69009 Lyon,Ouvert,19:00,https://streetviewpixels-pa.googleapis.com/v1/thumbnail?panoid=a6GBLx0yzVKa0CUovn7GQQ&cb_client=search.gws-prod.gps&w=408&h=240&yaw=82.55158&pitch=0&thumbfov=100,Non d√©fini,Non d√©fini,Non d√©fini,0984187010
MSI Experts,4.1,(7),Non d√©fini,Consultant informatique,16 Rue Barr√®me. 69006 Lyon,Ouvert,18:00,https://streetviewpixels-pa.googleapis.com/v1/thumbnail?panoid=t5wybZ9WD2MvVd_yXIfCKw&cb_client=search.gws-prod.gps&w=408&h=240&yaw=110.84629&pitch=0&thumbfov=100,Non d√©fini,Non d√©fini,msi-experts.net,0437427254
Inetum,3.9,(69),Non d√©fini,Assistance et services informatiques,4 Quai des √âtroits. 69005 Lyon,Ouvert,18:00,https://lh5.googleusercontent.com/p/AF1QipN-_03GzkvzaIEv8Jn_OgTk12Ky5gSVV5fUdsTW=w408-h306-k-no,Non d√©fini,Non d√©fini,gfi.world,0472681380
Linarda Informatique Lyon 2√©me,5.0,(3),Non d√©fini,Assistance et services informatiques,23 Rue Neuve. 69001 Lyon,Ouvert,19:00,https://streetviewpixels-pa.googleapis.com/v1/thumbnail?panoid=wTD_k3v4thrfj6Gp2Or1Sw&cb_client=search.gws-prod.gps&w=408&h=240&yaw=324.37653&pitch=0&thumbfov=100,Non d√©fini,Non d√©fini,linarda.fr,0783467149
Alpes Solutech,3.0,(4),Non d√©fini,Entreprise de logiciels,122 Av. Mar√©chal de Saxe. 69003 Lyon,Ouvert,18:00,https://streetviewpixels-pa.googleapis.com/v1/thumbnail?panoid=PoRcyatAz9ruIA_qqHYEsw&cb_client=search.gws-prod.gps&w=408&h=240&yaw=303.55624&pitch=0&thumbfov=100,Non d√©fini,Non d√©fini,maxime-buisson.fr,0428299913
SOOGEST,3.0,(4),Non d√©fini,Entreprise de logiciels,174 Mnt de Choulans. 69005 Lyon,Ouvert,17:30,https://streetviewpixels-pa.googleapis.com/v1/thumbnail?panoid=zW6QjVLyujSL6Yfhmg6sPw&cb_client=search.gws-prod.gps&w=408&h=240&yaw=11.600189&pitch=0&thumbfov=100,Non d√©fini,Non d√©fini,soogest.fr,0478052718
OCI,4.5,(8),Non d√©fini,Assistance et services informatiques,Immeuble le Quadrille. 30 Rue Edouard Nieuport. 69008 Lyon,Ouvert,12:30,https://lh5.googleusercontent.com/p/AF1QipOxbyBzmctlVl-CwNoGeCzw3oTa5jezVagBBUng=w408-h306-k-no,Non d√©fini,Non d√©fini,oci.fr,0969396040
Ingeloop,Non d√©fini,Non d√©fini,Non d√©fini,Entreprise de logiciels,4 Rue de la R√©publique. 69001 Lyon,Ouvert,20:00,https://streetviewpixels-pa.googleapis.com/v1/thumbnail?panoid=cVBNdaPvrcu6Ivkix06X_Q&cb_client=search.gws-prod.gps&w=408&h=240&yaw=288.0624&pitch=0&thumbfov=100,Non d√©fini,Non d√©fini,ingeloop.com,0676865880
Ariax Sarl,Non d√©fini,Non d√©fini,Non d√©fini,Assistance et services informatiques,26 Rue Henri Gorjus. 69004 Lyon,Non d√©fini,Non d√©fini,https://streetviewpixels-pa.googleapis.com/v1/thumbnail?panoid=7EEiB5gGDpUpoFESd5sCxQ&cb_client=search.gws-prod.gps&w=408&h=240&yaw=68.183556&pitch=0&thumbfov=100,Non d√©fini,Non d√©fini,ariax.fr,0472106040
Ariax Sarl,Non d√©fini,Non d√©fini,Non d√©fini,Assistance et services informatiques,26 Rue Henri Gorjus. 69004 Lyon,Non d√©fini,Non d√©fini,https://streetviewpixels-pa.googleapis.com/v1/thumbnail?panoid=7EEiB5gGDpUpoFESd5sCxQ&cb_client=search.gws-prod.gps&w=408&h=240&yaw=68.183556&pitch=0&thumbfov=100,Non d√©fini,Non d√©fini,ariax.fr,0472106040
WPA-experts,Non d√©fini,Non d√©fini,Non d√©fini,Consultant informatique,4 Rue Paul Lintier. 69002 Lyon,Ouvert,17:30,https://streetviewpixels-pa.googleapis.com/v1/thumbnail?panoid=Gl6tqL4UVLU_PzcVRDLwEg&cb_client=search.gws-prod.gps&w=408&h=240&yaw=286.86642&pitch=0&thumbfov=100,Non d√©fini,Non d√©fini,Non d√©fini,0478926064
CORETECHNOLOGIE,5.0,(2),Non d√©fini,Entreprise de logiciels,37 Ter Rue Saint-Romain. 69008 Lyon,Ouvert,18:00,https://lh5.googleusercontent.com/p/AF1QipP65xvrxSsHcpObXefPJYr0vJVyH8-ojWmgr3E=w970-h240-k-no,Non d√©fini,Non d√©fini,coretechnologie.com,0478617942
SAS S2ITEC,5.0,(1),Non d√©fini,Assistance et services informatiques,333D Rue du Doyen Georges Chapas. 69009 Lyon,Ouvert,18:00,https://lh5.googleusercontent.com/p/AF1QipPDwL9PJ07YrQkvAUBGpqFt5s5HyjGcjP8Wqwb3=w690-h240-k-no,Non d√©fini,Non d√©fini,s2itec.fr,0482826090
Avantage Pc - D√©pannage Informatique Express,4.7,(144),Non d√©fini,Service de r√©paration d'ordinateurs,42 Rue Chevreul. 69007 Lyon,Ouvert,18:00,https://lh5.googleusercontent.com/p/AF1QipP_63JqB53hQMP5SEvtSHlLgLR7tjmVVGsGThrk=w408-h286-k-no,Non d√©fini,Non d√©fini,reparation-ordinateur-lyon.fr,0980425090
Catchr,Non d√©fini,Non d√©fini,Non d√©fini,Entreprise de logiciels,14 Rue Domer. 69007 Lyon,Non d√©fini,Non d√©fini,https://streetviewpixels-pa.googleapis.com/v1/thumbnail?panoid=USEAbivjJJbVlK6Ohw8fVA&cb_client=search.gws-prod.gps&w=408&h=240&yaw=199.98071&pitch=0&thumbfov=100,Non d√©fini,Non d√©fini,Non d√©fini,Non d√©fini
